,locus_tag,type,gene,product,EC_number,db_xref,start,end,strand,organism,mol_type,strain,inference,codon_start,transl_table,translation
source_NC_017032.1_0_56520_pos,,source,,,,,0,56520,pos,Genus species,genomic DNA,strain,,,,
CDS_NC_017032.1_0_1041_pos,KCKEPNKI_00001,CDS,,hypothetical protein,,,0,1041,pos,,,,ab initio prediction:Prodigal:002006,1,11,MNDFNYYKSKEIYREKYYQMPKVFFTNEKYMDLSNDAKIAYMLLKDRFDYSVKNNWVDSDDNIFFIFTVEELMKLLQCREGKVSKIKKELEKAGLLKQKRGRVNKRDGKIESMPNLLYLGKPEVTNQDVFKIMEEEDNTDSTVIAKIANTAKPRKINDSTVIAKIANTAKSSHIKDSTVIAKIADNLFYSNSIDTNRHIIDTETDQLQNQVLLDNFVDIMQEDSINTFVPENVLNLIKTFSSSYSEAQQTVQTIHNAKKKAEKLEQTIVVYEELESYGIDADKGLYMTLLKAYQKQKTEKVNNLQNLIFVYVKNWFVEKAIAAKLANEQRETFNELPTVSTENWLE
CDS_NC_017032.1_1877_2210_pos,KCKEPNKI_00002,CDS,,hypothetical protein,,,1877,2210,pos,,,,ab initio prediction:Prodigal:002006,1,11,MSYTGILSLEDICHYGKRCTATEKITKKLSTGQSKTVVQCKKYIIQKDKVSEEMIYYIGKQKQIILKDPIPLKELYPTIKHVYDQNGVLIGRRKNGVLRCTAKGMGRLIS
CDS_NC_017032.1_2800_3130_pos,KCKEPNKI_00003,CDS,,hypothetical protein,,,2800,3130,pos,,,,ab initio prediction:Prodigal:002006,1,11,MIQKFAKMSKTAWIEKLENDLSVMRLAPKKFKREIAEKEAILSVLNAVDDKCPVKISFSDIATIIEGIYYGEVDEEISSTKDLLDFLDKNKDTFIVLTDYEEVTTNEKL
CDS_NC_017032.1_3098_3458_pos,KCKEPNKI_00004,CDS,,hypothetical protein,,,3098,3458,pos,,,,ab initio prediction:Prodigal:002006,1,11,MRRLQQMKNYDPNSRWGTHTIKVSFQRWDYKGFVTFRRGGNCKGLDVLALDEDDLYDQTLTDNPIGFGLLPEDDEGNEWFKMTLTNDNGDELSVEDTWSYLSDYIVSVEIIEFVADKEE
CDS_NC_017032.1_3571_3811_pos,KCKEPNKI_00005,CDS,,hypothetical protein,,,3571,3811,pos,,,,ab initio prediction:Prodigal:002006,1,11,MARPVLEAMDMDTLTKGRYVQLLARGYSPKDVFKSLSKGTDMEKERLRKEFDYWRTHNGIKDLKPARPVIKRKKKITQD
CDS_NC_017032.1_3877_4117_pos,KCKEPNKI_00006,CDS,,hypothetical protein,,,3877,4117,pos,,,,ab initio prediction:Prodigal:002006,1,11,MNYEEIENRKKVSKEMEEKLLKMMKQKHLKRLSVMQYINDMKITGKEKACLLGSMKNFEQLRRTYVKTGSNCQLLLEVS
CDS_NC_017032.1_4243_4933_pos,KCKEPNKI_00007,CDS,,hypothetical protein,,,4243,4933,pos,,,,ab initio prediction:Prodigal:002006,1,11,MNKNNKTLFNPYVGVIIVFLLFSYFAYQGYQKDKIAEKVDGVTKTIHIQEQAKTYQDNLTSLTDISKRQLITNQKQALEKDLKGEIAGKLVFSSTGFILPVFQGANSDTLSLGVASTYYLDTEMGNGNYILAGYNVDTPSVLLSDMTDLSEGEEIDLIDAHYKYQYEVSKRGKISDYSQVVQSKENNSFLSLPKAGKKPLLTLLAFQANNMKKCDVIQCELVNVEKINK
CDS_NC_017032.1_4938_6105_pos,KCKEPNKI_00008,CDS,,hypothetical protein,,,4938,6105,pos,,,,ab initio prediction:Prodigal:002006,1,11,MSHIQELVEKLINKMSAIFLLLLVSILYLIWTVGLNPPTILFIYDNAAQLVTFFVGCLFLLNLYKVKRNDLFFIAAGILFYLFFSFFRSYRGDTFYGDLIVPTIIAIILIVKWTKFTVIDRSLYLVVFYVFLLVTVYRVFTEIPVPEGQSIWNPSNKLSDIWVNTNTIGSSLMTLALLITGFASSFGKWYMRLLSLPALILAGATIWVCQSKAALYALVIFIILEILPKKVFRNTHLSFWMYAAVSVLALPISYFAAMSDKVHLFTGREEIWRKFYETLGEKTGQIFVGMKPFFFHRGNQILGNHNTYHALVNHYGLIGFVLSIILLLSFLWLLVRKRELTNGQLTFLWAFLAIMCQSFMEETLTTISWVPIVFLMLAMATHQYKTTR
CDS_NC_017032.1_6144_6858_pos,KCKEPNKI_00009,CDS,,hypothetical protein,,,6144,6858,pos,,,,ab initio prediction:Prodigal:002006,1,11,MKKCFLFCLKGGRWMKKWLFGFLGVALIVVCSVFGYVSYQKHEGEVFKQNIEKKMPVDQINAHAKSYKEDATNVNNDMSLGQMLSIQKEAIEMGVNKQVFAQIQIPALGLALPIFKGANQYTLSLGAATYFYEDAEMGKGNYVLAGHNMEMPGVLFSDIQKLSLGEVMDLVSNDGVYRYKVTRKFIVPEYFKLIDGVPEENSFLSLPKKGEKPLLTLFTCVYTSQGKERYVVQGELQ
CDS_NC_017032.1_6910_8887_pos,KCKEPNKI_00010,CDS,,hypothetical protein,,,6910,8887,pos,,,,ab initio prediction:Prodigal:002006,1,11,MAINRYVKKAGMIVGMLGIIAGCFQGYRAYAEDVTQKTPPERVNITVHKLMYDQSTQLNVDIDGIKNDGYTHDQYPTGVTKYNKADYGDVEFTLGNITDQVLPTEDSDLTNAKVDEIVKDVEDKGSNSEYVKNATNKVTSAVDENGEITFADQPAYVNSKGNVYVVYESKSAAGLVTQKAKPMVVIAPMTDNTGSGFLKDIHLYPKNIVSKLSFELTKFGDDGTAQSKQTPLKGAKFELYKGEPGKGTKLGELVSDDQGKLTATDLTLGKYYFVEVPSEVVVGSDQEPTADQYLLGADARNDAHNKLTFEITNDGVTSDLKASYVNYKAPVIDKTVTNGTGEEHSFQIGDAVNYQGTIHIPTDIAGGTDGITVNGVKSETSPYSVFKWGDTAGKGLSYVAEKADIKVTNNDGSVVLKENTDYKIENSDSGFVIDFIVNNGQVSDTVANLHGQDLKMTYNMFVNDSAEIANPLTNSVDFVYNNNPFNQEEHHEKTKADVVTYGAKFLKVDSGLFGTGIKATPLEGAEFAAKNAEGKYYGGLTDTDKDGVKEAVWVDDVANAAILKSDKEGHFEITGLTEGDYSLEETKAPENYQKLTKEISFKVDKDSYKEENRITIKNNQKASVPMTGSNGFQSYVLISCLLLGAGAISAVVYFKKKA
CDS_NC_017032.1_8932_9652_pos,KCKEPNKI_00011,CDS,srtA,Sortase A,3.4.22.-,,8932,9652,pos,,,,ab initio prediction:Prodigal:002006,1,11,MGKWIIAFWLLSAVGVLLLMPAEASVAKYQQNQQIAAIDRTGTAAETDSSLDVAKIELGDPVGILTIPSISLKLPIYDGTSDKILENGVGITEGTGDITGGNGKNPLIAGHSGLYKDNLFDDLPSVKKGEKFYIKVDGEQHAYQIDRIEEVQKDELQRNFVTYLEPNPNEDRVTLMTCTPKGINTHRFLVYGKRVTFTKSELKDEENKKQKLSWKWLLGSTVFLSVMIIGSLFVYKKKK
CDS_NC_017032.1_9667_10429_pos,KCKEPNKI_00012,CDS,,hypothetical protein,,,9667,10429,pos,,,,ab initio prediction:Prodigal:002006,1,11,MRNRKWLFVCAAALFSFTAYTQLTFADSQESTDSTEQTIQTSDSSTIQSSDETVDSSTVDSSEEPKIAEDDQIVKQTIHVQKIISSEQLDNQGQKLEKQEGVNGAKFSVYDVSDILQKMDVKNLTTDQIESQLKDRVKKLSSDQLKLVSNGETKTIDQQTGVFEFSIEVQANQKQAYYIVNESSPENISNSEDILLLTPVSEKNGEFLKDVWIYPKSEASQPKEEVKKIVSTGVKKNFFENCWDFVTHLFSRD
CDS_NC_017032.1_10441_10702_pos,KCKEPNKI_00013,CDS,,hypothetical protein,,,10441,10702,pos,,,,ab initio prediction:Prodigal:002006,1,11,MKLIKLLLFNLSCLTAVFLYCGLLFSQLSILPSYQLYLMRILNIPAASMPLDIMEKLIRNPLFTTINLIVIVGISLVIYKKEGMKG
CDS_NC_017032.1_10698_12789_pos,KCKEPNKI_00014,CDS,,hypothetical protein,,,10698,12789,pos,,,,ab initio prediction:Prodigal:002006,1,11,MNFKHSWTRRLKYVFPIMMMLGTLFGLKTANVFAEKVIVDPSNPIQNVKNNFIIPKDVPNAKTNITVNGASKVYKYHVDANKGGFTDDYVGLVEGNKNIRYPSFQKEYGETNLVLEGVTTNTKVNIDYGKIGTYNGKKVNIKLVLSNIHLYSDTLPWNLLDNNYTKTHFRDDGYKNTNGAMSKSKKRTVLWISDNLFSGIVYHSTQMNVQLVATYEDGSPVQFSGDTFISFNSLNPAGGKSTDLKGEYAHYDKMNTTDWYVRQDAVLSEFKSFYNNLNVVGGHPGGSSKLTQADNDFNNLHDKLGDPKFGQGTVSFKISEANPTFVIGSSNVQTWFTLSSATIFSVVPDQPEKTGVDKNGNNVNDKMLQVGDTIQYRIKQKVNRLGVDLLAVYDRFELIDNLPKEVDYVDAHVESGTNKKFDVSGEVTYDKTKHQVKYAAKADTLKNRMKYNGETYELVINVKVNELANQNSVAKNQGTSIINKVEKDTNIITVYFPKIPVKEVQQNGKDVNGRNDGKKGTPTAPLNAGSEVQYLVTQKWHTKGVDAASDHYKQFSIQDPIEARLTYNDGSAQVIDKSTGKDITSEGTLTYDSNSRTLKWEASADFLNNNLLDGREIQLIFTAKTPLQSEKNIDNQAVVAVDNVSNKTNVVTIGVDPNLPQVIVPKTGSTHLVTILAVSLLLLVLATFGYAVLKFN
CDS_NC_017032.1_12824_14927_neg,KCKEPNKI_00015,CDS,,hypothetical protein,,,12824,14927,neg,,,,ab initio prediction:Prodigal:002006,1,11,MNVNKIFNHLIGVENMKLLNPKTVIAIGTFAATVALAGSADAASTNVMYRLYNPNNHEHFYTSSTKERDHLVKIKWGNYEGPAWEAPTSGGHLVYRLYNKGLRDHHYTASWDEVKWLTKNYGWTYEGPAWRSAEKNNKPIYRLFLPGVTSGSHHYTASWKEVQWLTKDYGWKYEGIGWYGADTSKPKVNKSALEALYTSVKGTKKGDYTDNTWNAFQTALNNAKKVLNDSKATQKQVDSAKNTLDSAYKGLKKKPAPTVNKTELQALYNQVKSTAKGDFTEESWNNFQTALSNAKKVLDDSKASQTQVNNAKNSLDSAFKGLQHKPKPSEYAVTVRHMNRQTGTLLKEEHVSVKAGTNYTAKARTDLTNFEAPQYQVNGNETQTQTINTNTTFTFYYDEVFLVEVKARPNKVSDTDPNIQELYNYSKSYPVVYGQSITIEAPMFTNFVLDPRESSSNTVTLNNVTSNQGINFAYTHQYNVTVNHINVDTNAVLSTETQTVYEGDSFSTSWKNMTDQNYFLCRNDDSSVTVDKNGQRVINNVDQNRTITFKYKNISLSDLNNYVRQKELAWLNSYRQQNGVAPMQFNDIVQQAADIRAKELQVSFSHYRPGGGTFQDLLESLGCYGAKGENINSFYLYVDEILSDTGAVNAMVMWKDSAAHNANLLYNNQSIVGLSHAYEVSADGSLSSDNVFISANPIFK
CDS_NC_017032.1_15025_15217_neg,KCKEPNKI_00016,CDS,,hypothetical protein,,,15025,15217,neg,,,,ab initio prediction:Prodigal:002006,1,11,MYADKEKIEWLLFETGKTAYEISKHSSVAESTIADLIKKKSAIEKMRFDNAAKLTKYAESISS
CDS_NC_017032.1_15419_15860_pos,KCKEPNKI_00017,CDS,,hypothetical protein,,,15419,15860,pos,,,,ab initio prediction:Prodigal:002006,1,11,MVFTSLIAMIVILGGCGSEKNKQDSQDNGVLKPGTVWKEEVGGLVHNLKIIDDTTWEYSESVWHPEQVQITVEKLKDYKGLERYKVIDSGGVDLFIGKTALIVPYNKDGLETFKFIPTNEKEHRDKSEILKEYSTKSGYKLQKTSE
CDS_NC_017032.1_15856_16099_pos,KCKEPNKI_00018,CDS,,hypothetical protein,,,15856,16099,pos,,,,ab initio prediction:Prodigal:002006,1,11,MIASLFIYPEGGITVAKAKTPFEKAASKILERRGVSETQWKQEVLEKAQFDLLRGKDKDLEGYIYQREREKLVFDEIIKH
CDS_NC_017032.1_16116_16419_pos,KCKEPNKI_00019,CDS,,hypothetical protein,,,16116,16419,pos,,,,ab initio prediction:Prodigal:002006,1,11,MFESITMNFLTQPKVVAAVDIFRALQTAATSLKNNLMIFAGVAAVASIVIGGLFFLFGRRGAENGKMHVGYVLMGVGIILAAASIVVSLFGMFGQTPQGL
CDS_NC_017032.1_16487_18542_pos,KCKEPNKI_00020,CDS,,hypothetical protein,,,16487,18542,pos,,,,ab initio prediction:Prodigal:002006,1,11,MYFTITGNTKKDKELIKKATKEVGKRASFLPKTIKYSVIETEEQLHVLGKVLEQESQSSVKLTLTLHDTEGKIEKAGTEYVFGPLDYQISEGFYPTLMDLIRLDVFKETDETMSVEESYRNEKLLQVLEEELESDQRKVSQVSEVEVNDEVPWERPIFPKKESKEKETVYVDEQADIPTQKSIFEEENDVMGQLEVDPFEETMEDEETAEVEVDLVEANEEPTWTEGDSQEYIEPLISEEVEKNETEIQKATVFDYILDQYPPEHEWMKEKNKLFLNELYSKYQLPQTYQAFLESKEELISQGKGTLLEQLESVQSTNWHELAQEDLLDTFEERQQETDQEINEYATEQSSNWERTKEELNKEEQRVIEEEVQKIKERYEKKRDNAYSLCIEKINNFTKTNQEALSKEKENLLKERIKERKEEFYRGLRTDKLKISKELNEQLNKLYQTTTEVLMERHGQIQQELQAQIPKWKKEYEIQQQELKEQEEKQRQEEKEREQLELKKREQHLAEQKVAIEKQRLEQEKEKEAAARKERQEQMDTLRQAQLNYLAQPQPVAAVQTPVNNQANLTPSPQRSFNGWMVGCIASLSLLLGGGTVFAFNHINQSSQADSVATTASIKEEAQEQARKEYEQQLEELLNRTNQSTAESSMENSKESDPSKAKEGSSDSTVHSNTSESSESNEVK
CDS_NC_017032.1_18541_21154_pos,KCKEPNKI_00021,CDS,,hypothetical protein,,,18541,21154,pos,,,,ab initio prediction:Prodigal:002006,1,11,MRIRETTRRKDKRFNLEKNRYLSHFYRYTPSGEELPEKHDKRISQKIFYSGLAYLPLNYVVTRIPEAFHRFEIIPGSLQGVNIFQLQEMPQLFHFDSTGFWNPLTPTTSLGTRLVVSTICVVPAVLMGLKMDMWFRPLADGQKGDNRLKTLKEIQQIYPQIPESKGSFPGYGGIPITHYKKYWYIQTDTVNTCIVGTSRSGKGQIEVLATIDNLSRAERQSSMVVNDPKTELYVASKDELEARGYDVYAFNITDPLQSMSDNPLALIVKYWKRGDIDTATQLTNTFTNTIYYDANASDNKYFNENAQKAVNALIFALLEQADQTGDYSKLTPNNLVELLSEIGGFNYYPDPENEFKQLNALDEFMNQLPPGNIAKKQYGATKIGSDKAKGNILSTAITGLNPFTLTKIAKMTSQSTIDYKSIGFPKYLDLKLHESLLNQRIVVEFYHKGKKFHEERVKVGYRGFCEINFDCHLEQGDHVCLKYNHQGKQYVAWYEFSQKVLKDEEGKIVYRKKRGETHLPELEKEAVLTLDEKKSNLLVESIRMHYTDKPMAIFMLTPDYDPSNHIIVSIFLSQLYKELSTQCVKTKGDKCHRRIHFILDEFGNMPPMDNMEGIMTVTAGRNMLWDLFIQSYQQLYAKYGEQNAAIIKENCQTHIYIMSTDDNTIEEFSKKVGNKTVEQENSTINSLGMNTHINRNVDSDRILTPERISTFLEGETIVLAPLKRQDLKGHKIRPYPIFNHGETNLPYAYQYIEDFNPSWDINDIDIHCTHADLDLKALQIDYDYFLPDEYARNLYHGLHDQLEEKNEENMFYKIVQSFENETAKKLLIQFYEEQATDRLQEYVEKLIKNEEISEMIGKRLLLEAEKAVKE
CDS_NC_017032.1_21150_23529_pos,KCKEPNKI_00022,CDS,,hypothetical protein,,,21150,23529,pos,,,,ab initio prediction:Prodigal:002006,1,11,MIIGGIFSGIADWWSGLFGEGDADPKTVTKVLQDYGNYLQYQDVFSWICNTFLWGLIKGLYNLNTLLEKTIYQSFDLKDLLNAAGVNELFQSLISKVLALFCVVTLIYLGLKFFMSKHPPKVKNILVNLFMAMILIFGGSSLIDEGLNISKNFYGDVTAANKADKTGSPAFQIIQNNVIDVSTLLATDPNKVESLPTDKRNALTAKNFKTANINGIITPDQAKKMSESSDISTVQKDRLKALQYRLELDDNGKEIPVQISDEGLAKYVYTSGYRRYISSPGIILAGESSLSVAYLFILFTIVTCIIELVFKKFYLVIAASTDFETGQRMKSAIEDISQSFLLLAFTILELRIYTLMLSGIGDLHAVGKINGFLYVVALIVLTIALFKGSQSVTKIFGVDTSLKNGSNSLLSMFALGNIAKNVGSGAKNLASAGKSGLSHLNDIRKNGFGHRKDITHDNGEEQSDDKATTVPNSKKTVSEMFGKAKNGVSKAAEGLGYVNERGLKGTVEDLTEKAKDTLEEKLDGTRAKEFAEAVKNPSEALEKQKEKASAVKEGLKDAYGEGQVNAAVKANTTSEKENQEGAAIPSAKDHQDELHSNENSIGEKDSEEGQHGQLPKTDPEQYRYKSNINSENEKRISDLPKRNQEVQTDEDSIDLPNDNGIEVGTEKSTKIGLPKTQNLPMKDSRLNQFKENDQSFVHQSPAGTVQMKSSRLPENGNLTTVSYNLAESGETENASVQNIVTKEAAPKPINKVHNGYRPANVAFTAPTKINVTRETKNRNNELKEQLLKDIKP
CDS_NC_017032.1_23589_24132_pos,KCKEPNKI_00023,CDS,,hypothetical protein,,,23589,24132,pos,,,,ab initio prediction:Prodigal:002006,1,11,MEDILIATFITALGAFLTIFVVTIKGFKDTGSLQKDHQSILDGQKTHTESIIVHLSEGFTYLKDAMPTFTVKLTEIFHSVEQISSELKEQRQQKDRQLGSLNFRQETIQESLENVNRLNDEMQRVHLENEELRAQNYDLIQKKRNLEQKIVELKEENRQLNYQLRRGKNRSRDLGNELEL
CDS_NC_017032.1_24209_24542_pos,KCKEPNKI_00024,CDS,,hypothetical protein,,,24209,24542,pos,,,,ab initio prediction:Prodigal:002006,1,11,MDKYIHMKNPPRFSGEWKFFAFFFLDLLTLGGCFFWAKIVNNLVHLPLFFALLNYGLWLAIALVIVWRPYNNPGQRQIFAIIESIFFTDKNHYHALDPNRNYHGTYKEDE
CDS_NC_017032.1_24542_25136_pos,KCKEPNKI_00025,CDS,,hypothetical protein,,,24542,25136,pos,,,,ab initio prediction:Prodigal:002006,1,11,MRVKGQNSVDKKSILQFGKPEERSILDLFPYKSCTEEGVLITREDHFQRYYRVVSTDVEGLNEQEKLERMNQLTTVMRTYVPTIKLVSLTTETDLTEQIVQKRQLLDKNRMEQSLGRNLQRLRKYEKKLVEEIQELKRAEQERPDLSFFFVIEGKTIKDLQTRNRQLMRSSGILGLKPLYKKELIKILYRMNNMNDE
CDS_NC_017032.1_25157_27182_pos,KCKEPNKI_00026,CDS,,hypothetical protein,,,25157,27182,pos,,,,ab initio prediction:Prodigal:002006,1,11,MLDVIKTAFSTQSNQKVIDPLKQLGNREIEILKSKGYDLDFLKQVMPQGGLNFDEEYVTYGNGYSRCVTVYHYTKNPTLFWLANLMNNPHTVATLDVSTDEKQKVIDQINRALDELNDRSDNERKATDRNKSAEEYLELAEYARKLTSNGEISKQVKVRVHVYGNTIQEVDERAQELIENLKGMDYRAVTYLHKTKRDWQSMFTMFDEQAEWFGNIKGQSLPSLNIGGGFPFHHQTLKDPGGTQYGETMTGGPFVWNATYKNSVRLSTNTLLLGMMGAGKSTVLKMIAEAHLAAGDFIWGFEKGKDFIPFLKEYNGIMVRLDGSDGMINPLEIFATRTYDEASSLYDDGSVKDLKINEAASYQTHLDKVVYQVQLVSPQLKGTMKAEFKTYLNRFYEEYGTVPRGFTSSNSRSNTDTQVTGKDPEAYPTFKEFLAFLGQLELPGASQEKKNRKEEMESIVESLCETYGMIFDGHSTIRHLDQQQLVFFDIDSITGLDRGVQQCQMYMAMTLIWNQALIQGRRQRRLIKEKQMEEQDFKRFLAMIDECHNAINPDFIETVNYVTNFQREMRKVEAMTVLATQSPQEMVPENMSSDNFSKLKKVFEFSSTKIFMRMDESILRHIEGLVGKSMTNSELESIPQQNQGDAVINFGSKETIRVHFSPNKRQLKLFDGGK
CDS_NC_017032.1_27181_28381_pos,KCKEPNKI_00027,CDS,,hypothetical protein,,,27181,28381,pos,,,,ab initio prediction:Prodigal:002006,1,11,MENQNESLIKQYVKRRAKRRLFLWVFGTSAGLITILITVFVTLFLILAAGSIDNSDSSSGGEAFTGEYSEGLPIYKEIKGRGPFSDEIAQYAVGAAVKYKLLPSVILSQYGYESAFGTSASARNDLNYFGITWFDGCLFPKGTARGIGGIEGGWYMKFPNSKAAFSYYGFMVATQSNFNACVGNKSPGASLLILGRGGYAAAGITEDSAYYKNCMSIINTNKLMEYDEFAIKHWREGGGTGGTITGSWGNPFPGSSLDKNSFSGGQLFGKNPGGEFRPNGFHDGLDFGSVDHPGSEIHAVHGGKVVYVGNPGISGLGACVIVINYDGLNMVYQEFANSTGNSRVKVGDQVKVGQVIGIRDTAHLHLGFTRMDWRQAQGHAFIDDGTWIDPLPFLNSSKK
CDS_NC_017032.1_28396_29041_pos,KCKEPNKI_00028,CDS,,hypothetical protein,,,28396,29041,pos,,,,ab initio prediction:Prodigal:002006,1,11,MENKTLKIVLTAAISVSLIGNIALFWQLKEEQETNTYKIEEVAKNASDKLKKNSSEAQAKIDKLNQTINEKNQEIDQLKQQDGTKAKEEVTEAQRKTAEEFGQLAIDKSLSRNELTEKLKDVATQEVIDKLSPADDDHQHDDYGSYSFTLGDVQTYAQTSSVKEEQNFVVFVDYTIGNPQFKDVKPQKIKGGLTVTEKQVDGQWKVTDFSYFTR
CDS_NC_017032.1_28997_29858_pos,KCKEPNKI_00029,CDS,,hypothetical protein,,,28997,29858,pos,,,,ab initio prediction:Prodigal:002006,1,11,MVNGKSQTLVISLVRRKKMSKKKGARQRFKKRKSYLRWLGIFMILGFLILASPIYTHKKVDIPDEVSTNAFLNTKELTMVSKEKGANQQLVFEFAIDDEDQSLLKELANLNYRVEVKTAKGDYQAIKAKVIKVSDDYFVVKLAHVPEEYIAMRLTIIPEKIDPKVDMQEPQDLIYYVHEDKVKDQVKDEDYEQHAINYKVKGYKKEQKAAQKQMESFQATIDLNEELVKKLKDQLPYQVADDQENTENKINSYQQEIETSKTQLKDQEEIIQKLQEKIDRMTKEKI
CDS_NC_017032.1_29879_30110_pos,KCKEPNKI_00030,CDS,,hypothetical protein,,,29879,30110,pos,,,,ab initio prediction:Prodigal:002006,1,11,MKRTNLADKDTFAEQKVLIKAYLKVVKAKEICQEVNLSNTTISELKNGRKSLDTLKFRSFEALYIAAKKYFTAERK
CDS_NC_017032.1_30126_30216_pos,KCKEPNKI_00031,CDS,,hypothetical protein,,,30126,30216,pos,,,,ab initio prediction:Prodigal:002006,1,11,MNIKETINYLQEFEVKMTAPGLRAAIRTG
CDS_NC_017032.1_30676_30955_pos,KCKEPNKI_00032,CDS,,hypothetical protein,,,30676,30955,pos,,,,ab initio prediction:Prodigal:002006,1,11,MDIIIRDINTKYINEIDKRCEELRKKTDSKWSRNDYLKLLIENDFERPLMDYKKDQFDRLLEKFTDVQLHNTKVLEAYTNEVKNLIEILITH
CDS_NC_017032.1_30972_31395_pos,KCKEPNKI_00033,CDS,,hypothetical protein,,,30972,31395,pos,,,,ab initio prediction:Prodigal:002006,1,11,MVKAIEKHITFYEAHDEVLKNIMETQPTVKNYSEAIRFLCMNYDPEIEKNNNMTNAKLNAMGKEISILTEMVSEFADLHLKDTGILIGTNSTVYQEAKERVEGKIKANQTKKYSPKIKKPINESVHARVDPFDPTKFLKR
CDS_NC_017032.1_31413_33006_pos,KCKEPNKI_00034,CDS,,hypothetical protein,,,31413,33006,pos,,,,ab initio prediction:Prodigal:002006,1,11,MTQSPAVILTCQFTLPNKKSFSTYIDYMTREQALEEIERRTPEEEQELQRIKNALEDFYIPEGETFSESKTDKEFSETSNEAQSLMGNGINFDKLEEQDFTKYLSYMTRHYALEQKKELTQSEQKEYQRLNQAIKKYQTEPHKKASGNLPGVFSMASDEVKGSDLKEIKQIFQRGQQKGSIIYQDVVSHDNSYLEKMGLYDPKTDTLDEEGLKAAGRKMMETLFEKEQLNETGYWMATIHRNTKHIHIHFAVVEKENTRKPYTEVENGVSYIVPKGKRRQATLDAMKTNYVHELERFSYEKDRMIGMEKRNLLTRKSDLRNTLTKVVKEPARYDRHAMNLLNEVYKTLPDKRSEWNYGDEKRTKLSPYTREKLDELTKYVLTKEPEYQEYIQISKALKEEAKSLYGESKRESKDAEKNALFDLKKRTGNAILTELKKQDSQIKPLIESMDQMQSIYNERSFRTLKQLPTNEYKYSYEEFMKRRKQFQQRVVTQRSLRQLNRTINAHEEKYHASKAYEEQQRRIQMEQERQ
CDS_NC_017032.1_33182_33377_pos,KCKEPNKI_00035,CDS,,hypothetical protein,,,33182,33377,pos,,,,ab initio prediction:Prodigal:002006,1,11,MVHSTIGVVVEKSRDNLVFVTEIQTGRAFVVTDKAAKAYQTGDILTLNLTTKTFVDAAEDYPFV
CDS_NC_017032.1_33389_33857_pos,KCKEPNKI_00036,CDS,,hypothetical protein,,,33389,33857,pos,,,,ab initio prediction:Prodigal:002006,1,11,MAEEKEPLDNSRLGKSKRKLVRLQNELNEQIEKMFEHQRKTNGQPMNDKRNGHSWFRQQERLENKVHSLREEIKQQEKQVEKLERQEELKEMGYNKYGGLDMTIENIPRIKEEIERFEKGESDFFSRYDPKIPTEIGNIRTAERKIRKRKRKSSS
CDS_NC_017032.1_33795_35763_pos,KCKEPNKI_00037,CDS,,hypothetical protein,,,33795,35763,pos,,,,ab initio prediction:Prodigal:002006,1,11,METLEQLKERSEKGKENLLPEVQAIIDSGRVTQWKKNPTIYFLKGYRKVALELNENGGFEESKKYQATSEEEKAAVRELLEEAAPTDSLKEKENDHFYRVEFNENDPEKGLKSYGGEIITLELIDQLKTLDNQYAAEAGYYKFYFEEVKNGEVVDQIRMDLGDGVNSNQPIYLELAKLCEQVPEKEQKKSAKNEPVSKEQMQSKETKTKQKGYQKRTAEEIKQEVKSLSQQALDAVKKHTHSPEDVKELLNFMSRFPERSFRNQLLIEEQFPGATACLGRAALKKEGIYIKKGEQGNKIFVRKTVKGFYEKGRGFVRETEATPEDKKRIESGQIEVIKKPYYTIEKVFDITQTQLKPEDYPKIFPNRVFDFQLDKKGQSELQAGIQAVANNIGIQIRDMTESEVYQRELGQARGAYVRNEFTGEEEIVMNTRNTPTQHLATSIHELAHARMHKFSELDTATKELQAEMTSYIVCKHFGMDTSEKAIPYIAAWTKNGQTLDDKEAAERGKIMNDVSRVANEFIQTISIEINQYREREPEIQPAEVKQEHKNTVETAEKKNIVPVGSLWIDKKDGKVMEEDTGRTLHLKDAAFIEDPQHNQVILKGKSYGKEIQTALPSEEFALGNPFRFSLETVSEVAKRKNEIYYEQQLSQKERV
CDS_NC_017032.1_35838_37284_pos,KCKEPNKI_00038,CDS,,hypothetical protein,,,35838,37284,pos,,,,ab initio prediction:Prodigal:002006,1,11,MSLIDRCKQIDIVDFARNNGMAVVNKGRDYRLEDHDSFVFDRRKQRFYWNSQNISGDIIELAKLFFIDKEIQDPKQQFKAATDFILKNEDKTERVENLHFETEKYKDHPVDYQPLTEKGRNYLKEERKLPEWLIDYAEKEGLIAELKPKHERQNFLVRDDRLDHAVAFLWKDPQTKETVGASYQGTFIDYERFGERGTYKHIDKNSTANHGFNLKIGDPKQLKFFESSIDLLSYAALNRDQLNDTWLVSMEGLKHHVISHYFGEAVSELRKKQAFPQSIEICVDNDRAGHIFYEKEQLMGAVDPFTNQKVRCERGIANDWQVPKEYKVIYEEVAKEMKVEPEAIMAIHKTENNLQLTNQLVSAHKVNASFGQQLSVNDSIEAINLKDICREVAKELKACERVDGTYDFDRFYQEKGDINAQILFSYKAEQYYKGYKNHEHEFVPEVKKDWNDQLKHEIQQQAIRKQKRAMLFQQGRQQERE
CDS_NC_017032.1_37291_39499_pos,KCKEPNKI_00039,CDS,topB,DNA topoisomerase 3,5.6.2.1,COG:COG0550,37291,39499,pos,,,,ab initio prediction:Prodigal:002006,1,11,MMKTVILAEKPSQAKAYADSFSKATRKDGYFEIQDRLFPGETVITYGFGHLVELDSPDMYDENWKQWSLEHLPIFPNQYHYHVPKDKKKQFNVVKQQLQSADTIIIATDSDREGELIAWTIIQQAGADQGKTFKRLWINSLEKEAIYQGFQQLRDAGETYPKFEEAQARQIADWLIGMNGSPLYSLLLQQKGIPGSFSLGRVQTPTLYMIYQLQEKIRNFQKEPYFEGKAQVIAQNGAFDAKLDPNETQATQEAFEDYLKEKGVQLGKQPGTIHQVETEKKSAASPRLFSLSSLQSKMNQLMKASAKDTLEAMQGLYEGKYLSYPRTDTPYITEGEYAYLLDHLDEYKHFLKAEAIPTPIHTPNSRYVNNKKVQEHYAIIPTKTVMTAAAFEQLSPLQQAIYEQVLKTTVAMFAEKYTYEETTILTQVQQLQLKAIGKVPLDLGWKKLFGKESEGKEKEEEPLLPKVTKGETVTVDLQVLEKETKPPQPYTEGTLITAMKTAGKTVDSEEAQSILKEVEGIGTEATRANIIETLKQKEYIKVEKNKLVVTNKGILLCQAVEKEPLLTSAEMTAKWESYLLKIGERKGTQTTFLTNIQKFVSHLLEVVPGQIQSTDFGSTLQEVKAASEKQEAARHLGICPKCQEQEVLLYHKAAACTSEACDFRLWTTIAKKKLTATQLKEIIQNGRTSQPVKGLKGQKGSFEATIVLKEDFTTSFEFSEKKKTNYKKRTRRTTK
CDS_NC_017032.1_39514_39664_pos,KCKEPNKI_00040,CDS,,hypothetical protein,,,39514,39664,pos,,,,ab initio prediction:Prodigal:002006,1,11,MRNTTHKQQEIENQKAKIRSEQEKLRASKRRLQQLKNQQRIQKEIELDR
CDS_NC_017032.1_39696_40341_pos,KCKEPNKI_00041,CDS,,hypothetical protein,,,39696,40341,pos,,,,ab initio prediction:Prodigal:002006,1,11,MLYYIYKFIRIQRREKMTKAMVYKLLEEFNGTLALKDAKKAGISPVTIKRMVDRGELDREYPGFFTLPGQFPDELFMAQKKYERGIISHITALDLYDLTDMIPRQIDLTVPYGYHVSEKGLKEFAVELHYSKAEWYELGKIEIKSRYGNPVIAYDPERTLCDIWNPWYNVEDEIKVKAIKNYMESDRKNLRKLNEYRRILPTDKTIRSYIMALN
CDS_NC_017032.1_40353_41253_pos,KCKEPNKI_00042,CDS,,hypothetical protein,,,40353,41253,pos,,,,ab initio prediction:Prodigal:002006,1,11,MTPTQLKAKVKNISREKEVDPQLVLRHFMMEKFLEKISESPYRENFVLKGGFLIGSKYGIENRTTKDIDTTLREMKVTKETLTTVLNDIFSTPTKEGIQFEIQGMKETREADYYPGFSLRVLAHLENMRPDFKVDVTTGDSIYPATITHSHKLMFENRTIPLESYPTEQIIAEKLSATFDFLTDNSRGKDFYDLYTIPKMEKIDEKTLKDSVRNTFTRRGKTDPLKIYYEKDMDVLKNSHELKDTWKKYQKSNPYAASITYEETMDSISNLMEKVIHVEEKERKIAYQRHQQMNREMER
CDS_NC_017032.1_41255_41741_pos,KCKEPNKI_00043,CDS,ssb,Single-stranded DNA-binding protein,,COG:COG0629,41255,41741,pos,,,,ab initio prediction:Prodigal:002006,1,11,MINNVTLVGRLTKDPDLRYTASGTAVATFTLAVNRNFTNQNGNREADFINCVIWRKPAETMATLAKKGILIGVVGRIQTRTYDNQQGQRVYVTEVVADNFQLLESKAATESRAHADQSSTSPSTTTFEQRDTATPNNNGLNASQNPFGGQSIDISDDDLPF
CDS_NC_017032.1_42106_42367_pos,KCKEPNKI_00044,CDS,,hypothetical protein,,,42106,42367,pos,,,,ab initio prediction:Prodigal:002006,1,11,MNKYVGLLDKIRVIKTQPLLVRFTLQTIHESINCVVADIEIIDKLLIMDDGKYNIAVTGHFNKRNQLVIASMYVRNPDHFTRSMGI
CDS_NC_017032.1_43018_43456_pos,KCKEPNKI_00045,CDS,,hypothetical protein,,,43018,43456,pos,,,,ab initio prediction:Prodigal:002006,1,11,MAQNYYDEFVKLPLDKMAQKMEDMTFLYNETRVPKKHYKEKLSVAVEEMIESGVEMNLIATYYRTLEELKKQNAKWFFQALLCLEVGVKPSTIKPSEYQALELTYGKFVETKKAKTVSSEWLDYFENINKYGAYYTMKKEDNENE
CDS_NC_017032.1_43448_44156_pos,KCKEPNKI_00046,CDS,,hypothetical protein,,,43448,44156,pos,,,,ab initio prediction:Prodigal:002006,1,11,MNKVIYQLTTEDVSHFLTNKEHLNEVIRRIQKDFSCMEEMKYFIQRVEEELYMERETSQTKVTVSNNRLDVYKNRPETLKKGAELLRLETEKYIMNVYLERSELVENFVSYTIRRKHYYSESKYYSIFESMELMEEEMEELNSKDAMVDDYYLVFTRFLTCGTESIMLMGMDYELAVPEAFLRESVEEVDNPGDDWYTTLTDFLDTYTYDDTEEIQNELDRKRMPYQRFERKKGQ
CDS_NC_017032.1_44536_44716_pos,KCKEPNKI_00047,CDS,,hypothetical protein,,,44536,44716,pos,,,,ab initio prediction:Prodigal:002006,1,11,MLIAVGNKRLPVTLDEKRQKELQQLKQKYGKSESRIMCIALDLLIAQEKAGFDVPALKK
CDS_NC_017032.1_44890_45295_pos,KCKEPNKI_00048,CDS,,hypothetical protein,,,44890,45295,pos,,,,ab initio prediction:Prodigal:002006,1,11,MTLDTNNHSVFLLYYHLILVTKYRRQVIDDEISEYAKTTFERISESYHITLVEWNHDKDHIHIMFKAQPKTELTKFINAYKSASSRLIKRDFPKVKQFLWKEMFWSKSFCLLTTGGAPIDVIKKYIQNQGNNHK
CDS_NC_017032.1_45302_46460_pos,KCKEPNKI_00049,CDS,,IS200/IS605 family transposase ISEfa4,,,45302,46460,pos,,,,ab initio prediction:Prodigal:002006,1,11,MSLMERLKAYKFRLYPTEEQEIFFAKSFGCVRKVYNLMLDDRKKAYEEVKNDSSKKMSFPTPAKYKEEFPFLKEIDSLALANAQLNLDKAYKNFFRDKSVGFPRFKSKKNSVQSYTTNNQNGTVALIDNKFIKVPKLKSLIRIKLHRQPKGIIKSATISRHSSGKYYISLLCKEEVSELPKSNSAVGIDLGITDFAILSDGRKFDNNQFTSKMEKKLKREQRKLSRRALLAKQKGIDLFEASNYQKQKCKVARLHEKVMNQRTDFLNKLSTEIIKNHDIICIEDLNTKGMLRNHKLAKSISDVSWSSFVTKLQYKADWYGRKIIKIDKWFPSSQICSECGHKDGKKPLNIREWTCLICHAHHDRDINASINILTEGLRLHSIGLA
CDS_NC_017032.1_46706_46976_pos,KCKEPNKI_00050,CDS,,hypothetical protein,,,46706,46976,pos,,,,ab initio prediction:Prodigal:002006,1,11,MEAVAYSNFRQNLRSYMKQVNEDAETLIVTSKDVEDTVVVLSKRDYDSMQETLRTLSNNYVMEKIRRGDEQFSKGAFKTHDLIEVESDD
CDS_NC_017032.1_46968_47226_pos,KCKEPNKI_00051,CDS,yoeB,Toxin YoeB,3.1.-.-,COG:COG4115,46968,47226,pos,,,,ab initio prediction:Prodigal:002006,1,11,MIKAWSDDAWDDYLYWHEQGNKSNIKKINKLIKDIDRSPFAGLGKPEALKHDLSGKWSRRITDEHRLIYRVENETIFIYSAKDHY
CDS_NC_017032.1_47788_49192_pos,KCKEPNKI_00052,CDS,,hypothetical protein,,,47788,49192,pos,,,,ab initio prediction:Prodigal:002006,1,11,MIIKNLGNVKSIDIHVKDLLIFTGKNNTGKTYTSYILYGILSELFGARFFNYFSHTEIEPHLQNSLNILLVSKDSIRKKFNNDAKKFLEENLKKIAVRNFKVSENNFKNLSFTISDSEISELTGDIFNYEIKRYSISGIVITIQNVGEKLKISFEPTDSFQYLSKDIEIEDIYKILAQELSKNVISLPKVFYFPAERTGINVFKNELNESRLKTYDTLLNTVQFTNLTNQKKKAALKYDLLKKNIELLMETTDNSSYPKPISDYINYLNNMKNRYEQKNVNNIASYIRDEIIMGKYEIDEKDNSVSFRQKFGKNRYRKERIPFHVVSSSIKSLYGLDYYLENSSKEGDYLIIDEPELSLHPENQVKLAKVITDIVESKIKLITSTHSDLFVRELTNIVIENKLNSKNNKKNKLSDKNIGIYNFVGNNDINELEKISNISYYDNFDDVNYDLQERYNDLIEELEERGE
CDS_NC_017032.1_49188_49719_pos,KCKEPNKI_00053,CDS,,hypothetical protein,,,49188,49719,pos,,,,ab initio prediction:Prodigal:002006,1,11,MISDNKWEINLKRFISEYIYTIETKSSFSLNEDSDPLKKYTIQCKKNKDEKLFVIRPDLMKSNTHYIKEKPKDCDYIIISEANKTVFLIELKSSAQTSPAKEISEQIDGGYKWLQHLSFLTKYDFTEFSYKIIKVCCKFEARQDRKNLFKPNEYGIYNMNGPKLDLRELYRKCNDL
CDS_NC_017032.1_49713_50319_neg,KCKEPNKI_00054,CDS,bin3,Putative transposon Tn552 DNA-invertase bin3,,,49713,50319,neg,,,,ab initio prediction:Prodigal:002006,1,11,MRVAYIRVSSIDQNEQRQIEEMKKFGAVRIFIEKQSGATITHRPVFQEALDFVRDQDIFIVEAIDRLGRNYDEIIASVNYLKKKNVQLIITSLPIMAEAIGNPLLDKFIKDLIIQILAMIAEQERTESKRRQAQGIKIAKANGVYKGRPKLYSADTKNPQRRLVYENIVKDLNEGVSISKIAKNYNVTRQTIYRIKKDLNL
CDS_NC_017032.1_50632_51055_pos,KCKEPNKI_00055,CDS,,hypothetical protein,,,50632,51055,pos,,,,ab initio prediction:Prodigal:002006,1,11,MKNKFILSLGILTIGISVTGTTIPTFADSTNEPTTVVDNNQELTPLDRNGIAIGNPTNDLTVTENYLIVSPLLARAASKTIRVTGTMIFDKVGWPSRPPQSRNWKEKRNGYWYYGKLYLQSYKSAGNNWIATYSGTLTRK
CDS_NC_017032.1_51064_51406_pos,KCKEPNKI_00056,CDS,,hypothetical protein,,,51064,51406,pos,,,,ab initio prediction:Prodigal:002006,1,11,MPEFVNTPNFYQDSDILSKINLPKEESALQVQRTLQETQKIQKSISNLEDSEEKRKKETKKHIKKKNNDFKKRVSSRHSFFLIESVHKITHFWTLSFFALFFKKTIHFMFINP
CDS_NC_017032.1_51468_52062_pos,KCKEPNKI_00057,CDS,hin,DNA-invertase hin,,COG:COG1961,51468,52062,pos,,,,ab initio prediction:Prodigal:002006,1,11,MIFLKIGYARVSTGLQNLDLQEDSLNKFGCEKIFTDHMSGAKSNRPGLEMAIDFVRSGDTLVVWRLDRLGRNMEDLISIVNRLNERGVSFHSIQENITMDKSSSTGQLMFHLFAAFAEFERNLILERSAAGRAAARARGRFGGRPEKLSEQDLELLKTLVDSGTPIKTIAERWNVSRTTIYRYLAKMEEKNGKTNSH
CDS_NC_017032.1_52360_53758_pos,KCKEPNKI_00058,CDS,umuC,Protein UmuC,,COG:COG0389,52360,53758,pos,,,,ab initio prediction:Prodigal:002006,1,11,MYLAISSLQHRTYVCIMWKNGVLFMMDYSKEPVNDYFLIDMKSFYASVECIERNLDPLTTELVVMSRSDNTGSGLILASSPEAKKRYGITNVSRPRDLPQPFPKTLHVVPPRMNLYIKRNMQVNNIFRRYVADEDLLIYSIDESILKVTKSLNLFTTEETRSQRRKKLAQMIQERIKEELGLIATVGVGDNPLLAKLALDNEAKHNEGFIAEWTYENVPEKVWNIPEMTDFWGIGSRMKKRLNQMGILSIRDLANWNPYTIKNRLGVIGLQLYFHANGIDRTDIAIPPEPTKEKSYGNSQVLPRDYTRRNEIELVVKEMAEQVAIRIRQHNCKTGCVHLNIGTSILETRPGFSHQMKIPITDNTKELQNYCLFLFDKYYEGQEVRHVGITYSKLVYTDSLQLDLFSDPQKQINEENLDKIIDKIRQKYGFTSIVHASSMLESARSITRSTLVGGHAGGNGGIKND
CDS_NC_017032.1_53723_54101_pos,KCKEPNKI_00059,CDS,,hypothetical protein,,,53723,54101,pos,,,,ab initio prediction:Prodigal:002006,1,11,MRAEMGELKMIDYNDRGRLKWAGFYLSDHTEEIDADNEQRTSQNLAKEQMTTEEIAEVLNAAVIKNRSVSIQKEERNAEGYYPEDIVGKILGSDELGIYVGKDKIHYDEIRHIEFYQDNKWSRLE
CDS_NC_017032.1_54097_54277_pos,KCKEPNKI_00060,CDS,,hypothetical protein,,,54097,54277,pos,,,,ab initio prediction:Prodigal:002006,1,11,MNIIQQYELKYITFDQLSEEIWGYGQRLINEVGVERFSFYVEAAAGYHNFRFYIFPLYI
CDS_NC_017032.1_54412_54703_pos,KCKEPNKI_00061,CDS,,hypothetical protein,,,54412,54703,pos,,,,ab initio prediction:Prodigal:002006,1,11,MSINTFVYSHPINVYIIKNLGITVEQFCELYAYPQGTVASWITRQRRIKSLPASFVYDLSLASSLNMSDVYEKLLSLEKEYDSFKIKHDKKIKKHI
CDS_NC_017032.1_55055_55859_pos,KCKEPNKI_00062,CDS,soj,Sporulation initiation inhibitor protein Soj,3.6.-.-,COG:COG1192,55055,55859,pos,,,,ab initio prediction:Prodigal:002006,1,11,MGDILMARILSVANQKGGVSKTTTSVNLAACLKFVYGKNVLLVDIDPQGNATDNVGFDIDGTNQPTIYEVLKGEADITDAILDYKGIDVLPADIALSSAEREFTQVGSEHRLKRVLQPIKDNYDYIIIDCPPSLGMLTVNAFTVSDEIIIPVEAAYFSLKGLIKLSETIETVKEYTNDKLEVRGVLFTKYNKRYNISKEMTTAATEISRVIGAKIFKTYIRRTITVDEAQAAGSDLINFNKPSTAEDDYKAFTEEYLKEVGDFDGRR
CDS_NC_017032.1_55845_56172_pos,KCKEPNKI_00063,CDS,,hypothetical protein,,,55845,56172,pos,,,,ab initio prediction:Prodigal:002006,1,11,MAEDNRSQAAVSRLLGNKNKKNYKPKEVEEIELTKKNISKVIKDQGSSVRTADSIRINPILMSALKYWTTIAESDKSKPDVIEDALLKSIPEEYLIEGYKLAKKQNKI
